stream_id,D
Woods,106
Woods,52
Woods,72
Woods,75
Woods,40
Woods,96
Woods,33
Woods,7
Woods,95
Woods,100
Woods,64
Woods,55
Woods,31
Woods,36
Woods,43
Woods,35
Woods,35
Woods,23
Woods,91
Woods,51
Woods,104
Woods,45
Woods,50
Woods,52
Woods,70
Woods,32
Woods,83
Woods,23
Woods,22
Woods,43
Woods,16
Woods,155
Woods,62
Woods,42
Woods,53
Woods,26
Woods,32
Woods,34
Woods,43
Woods,38
Woods,115
Woods,22
Woods,54
Woods,70
Woods,23
Woods,22
Woods,67
Woods,77
Woods,28
Woods,49
Woods,25
Woods,60
Woods,19
Woods,74
Woods,42
Woods,42
Woods,55
Woods,50
Woods,138
Woods,87
Woods,37
Woods,51
Woods,63
Woods,26
Woods,40
Woods,52
Woods,47
Woods,58
Woods,6
Woods,125
Woods,38
Woods,55
Woods,33
Woods,55
Woods,59
Woods,98
Woods,35
Woods,40
Woods,18
Woods,9
Woods,15
Woods,87
Woods,34
Woods,103
Woods,11
Woods,132
